"grabe ka naman seller dika talaga nag reply maski isa sa mga message ko sayo, well maliban sa ""automatic reply"" niyo. Ngayon lng talaga ako nagkaroon ng order na may damage, yung mismong para pa dapat sa Mama ko, sayang yung pera"
Nakakainis lang kasi hindi niyo man lang binubble wrap nakakainis talaga kaya ayan tuloy ngumyari sira ng dumating sakin:>
LOL! IT HAS DAMAGE I ALREADY TOLD YOU TO CHECK 
Hay nakoooo wag kayo bumili dito masayang lng pera nyo
Nakakadismaya nman Yung wallet
Very disappointed ! May damage 😪 Then di masara ng maiigi. 
Hindi maisara ng maayos yung wallet. Ayaw din mag lock awit naman maam/sir🙄
Wla ung lace .. 🥺🥺😭😭
parang lumang stock yung binigay nio..
Not really good quality.
D kasya cp kooo
madumi po yung nareceive ko
��👎👎👎👎👎👎👎👎👎👎👎👎👎👎👎👎👎👎👎👎👎👎👎👎👎👎👎👎👎👎👎👎👎👎👎👎👎👎👎👎👎👎👎
I got was damaged
Totally disappointed. DONT BUY FROM THIS STORE!
Mali ang kulay na binigay ng seller's hindi tugma sa inorder ko
Ayaw masara nung item po nnyo pag ggamit malalaglaģ ang laman
"Yung wallet, madumi tingnan. "
"di magkasya, mapupunit."
Sayang lang..
"worst shop ever wag na kayo bumili dito masasayang lang pera niyo, "
wala man lang bubble wrap .
"SIRA yong isa,"
Wrong color
may damage po ang deniliver 
The items is not complete.
im not order again hope this seller will ban in shopee so this not happen again.
So disappointed.😑
sana di na maulit to sa iba pang oorder😔
Item received is damaged 
seller is non-responsive.
Dito lang ako nadissapoint walang action s seller 
Products shipped were visually and obviously damaged.
Ang pangit ang tagal pa dumating
Dusty and damage item!!!! 
nakakadisappoint!
pangit yung kulay Malabo na plus may mga damage ang gilid
Disappointed. 
manloloko ang shop na eto
nakakadismaya
Damaged Yung black.
nakaka disappoint 
Dont order here!!!
They will send you incoplete items and with damages!!! 
Damaged ang item n binigay.
may damage po yung binigay n items
May sira ang 3 wallet n naorder q
Damaged / Defective item Damaged 
Wrong color pinadala sa akin
disappointed ako sa product bukod 
kulang po ng isang item.
damaged item 
di nag reresponse si seller ... 😡😡😡😡😡😡😡😡😡
sira na kulng pa item na order ko!!!!!!!
Disappointed ako kasi yung item is defective once open ayaw n maglock.
ang gara po. kupas na tapos hindi kasya ung id 
"Very dissapointed,"
the color is wrong
Iba na naman ang kulay dumating dito
Pangit madumi parang gamit na siya may damage ang nakakadisappoint naman..
Received two damaged wallet.
May damaged yung deliver sakin
Nakakapanghinayang naman
One of the wallets has defective lock.
sobrang scam yung item di naman nag glow 
"So disappointed,"
Low quality item
wallet has damage and easily broken. 
May damage ung blue 
Was disappointed kasi ibang color dumating hindi yung light pink tapos yupi ung sarahan so di siya nasasara. 
Sira ang wallet... 😠😡 nakakahiyang ipang-regalo kase sira...
nakaka dis appoint kasi yung isa sa mga order ko sira. 
TABINGIIIII NAKAKAINIS!!!!!!! 
"Dissapointed, halos lahat kumupas ang kulay at yung iba may parang kagat ng daga..huhuhu"
Mali Yung color na binigay
Dissapointed 😡 sira ung tali at maluwag kaasarr!
Dissapointed ako sobra!!!
Jusko may damage na yung item
Damage item
Sira ang btton ng items n pindala nyo
iba pa ang kulay tssssk 
KULANG YUNG DINELIVER SAKIN 😠😡
SAYANG LANG BINAYAD KO TAPOS DI NAMAN NAGREREPLY SI SELLER NG MAAYOS 😡😠
NAKAKADISMAYA!
yung quality hindi maganda
ira naman ung pinadala nyo Na Wallet.
ndi rin kau nagrereply sa mga message.
never Na ko oorder sa shop Na to..
Wag na kayo bumili dito Hindi responsive ang seller 
may butas yong pinadala sakin at hindi sya nag rereplay sa chat napaka iresponsible na seller to
At yong product hindi katulad ng nasa picture kong may 0 rate sana zero irate ko dito.. 
DAMAGE! 
Quality not good.
Sira ung lock ng item na pinadala.
Hindi responsive ang seller kahit ilang beses ako ng message kasi hindi alam paano bubuksan ang wallet.
Wrong item received Damaged / Defective item Did not receive item Rude seller Will not order again
Walang kwentang seller!!!!
Iba yong item ang Binigay!!! 
Tanga tangang seller!!!! Wag kayong omorder!!! 
its suck its not what it loooks like on the pictures 
Not that good
mali ung binigayna color. 
faded pa yung kulay ..mukhang luma..super disappointed ako sa order ko..
Kulang isa wallet order 
Sira namn yong item
May sira at durog n
not happy i received a damage item then i try to contact the seller but no response coming from there.🤬🤬🤬
"color blind yung seller, too irresponsible makabenta lang! not recomended, i ordered black, navy blue pinadala sira pa 😠"
My damage po 
Damaged product 😤😤😤😤😤😤😤😤😤😤😤😤😤😤😤😤😤😤😤😤😤😤😤😤😤😤😤😤😤😤😤😤😤😤😤😤😤😤😤😤😤😤😤😤😤😤😤😤😤😤😤😤😤😤
Not quality 🤦‍♀️
pangit sa personal
"ki pangit ng dumating ,. Anuh ba yan"
May sira yung wallet
One star KC KC may damage
SIRA Naman ..ayw not irefund
Hindi dumating...hayzt
Maam sira po yong item
Not satisfied..
May scratch po yong wallet 
wrong color !!!!
Ang bilis masira
Cheap quality
Seller is not responsive.
Hindi po kumakapit yung lock nya . Nagbubukas po sya agad .
Wrong color
Unang gamit ko pa lang sira na kaagad.
Wrong color
Damaged / Defective item
medyo mahirap lang isara. 
Received Damaged and Dirty Item
I'm so disappointed .
sira na ung sling.. disappointed
Nakakainis lang napaka dali masira ng lock nganga agad😠😠😠
Mali Yung binigay niyong kulay.
Ung isang item po may damage d maisara
Panget HAHAHAAH
Mali yung color na dumating.😭🤦🏻
Panget ung product
��👎👎👎👎👎👎 disappointed! Ibibigay talagang may damaged.kitang kita naman sa harap pa.
Ano ba naman to may sira
Not yet received!!!
Hindi sya naglalock mabuti. I’m disappointed. Can I refund this? 
Damaged
Sira ang dumating sa wallet sa akin Disappointed 
Wrong item received Did not receive item
No comment 
Wrong color.
The item is defective 😠😠😠
Bad rate 
Ang duming nreceive
Pangit ng design sayang lang sa pera
Ampangit ng quality
Sobrang nipis
sira yun wallet 
the seller is not helpful
May gasgas po sya sa gilid
Defective! Hindi sya naglolock. 
Kulang ng dalawang earpick 😡
It's hard to open
"Manipis, madaling masira"
Ang nipis ng folder
GO TO ANOTHER SELLER NOT HERE!This SELLER is Rude and does not respect BUYERS!
Damage items 
Sira na agad di pa natagal
Very disappointing.kulang ung item na deliver
"hindi ko recieved, wala sa pinadala nila"
haizt seller not responsive pa.
"Products arrived incomplete, di ko na receive tong card holder"
Wala ung card holder sa nrcvd ko..
Luma na ata ito. Super dumi na
Sira yung pinadala di manlang chineck kahit mumurahin dapat maayos naman 😥
Ngayun ko lng na pansin😭 wala pala to huhuhu😭 sana seller check mo bago e ship‼️‼️‼️
Sira nman yung dumating sakin. Sana nman na check nyo muna bago na ship out. Sayang lang ang pera.
"Not responsive si seller,nkakadisapoint kasi kahit 10pesos lng to ang pinadala ay sobrang dumi parang nanggaling sa putikan"
Fyi di ko pa po nareceive ung product
Damage
Hnd maganda mukhang luma na nakakalungkot😔😔😔
did not receive it.
Low quality
ito lang yung panget ang quality.
Sira agad yung clasp niya kasi sobrang nipis ng kinakapitang leather.
I don't recommend this kahit maingat kayo sa gamit.
Hind kasya ang I. D disspointed😒😞
Ang pangit ng kulay na binigay mo seller 
"Lacking 1item poor quality, seller hnd nag respond sa chat box at mali mga binigay na color doon sa choice color ko"
Out of all the items that I received. I did not receive the umbrella. Seller was very unresponsive
Malayong malayo nung nasa picture
Very poor quality. Sure na agad masisira agad.
Low quality products
Kulang delivery hindi responsive ang seller.
Item different from picture
No good
Pangit
Will not order again
Mali mali kulay binigay nakaka asar i return nyo to nakaka asar yung sellers
sira yung zipper. di mapakinabangan
Palpak po ang wallet na dineliver nasa baba ang suotan ng card
Sira yung zipper ng wallet. Hindi din namin magamit
Sayang lang yung pera.
Low quality 🥺
��😡😡😡😡😡😡😡walang hiya .....wag nakayong mag order sa seller nato dahil 8 item ang order ko pero kita niyu 4 item lang ang dumating ..ang binayad ko sakto para sa 8 item .
Didn’t get the item lol
tagal pa dumating ung order..👎👎👎
walang refund at hindi responsive
Sira ung zipper😔
May mga scratch at yupi wallet iba din color towel seller nasunod Hindi buyer
"i didn't received this item, sayang.."
Hindi tama yung binigay
damage!!!!!!
Kulang ng wallet
The items are not clean and sealed.
Unresponsive seller
Kulang ang item na na receive ko.
Kulang yung pinadala
Wrong color! Tsk
Sira po yung zipper ng wallet
Wala akong na received
Ang pangit naman po ng binigay nyo mali pa mga tahi
Na disappoint ako ng sobra
Ang pangit ng material na ginamit
wrong item received
Damage
Ang panget ng wallet bad quality wrong color pa bwiset sayang pera ko I don't recommend buying this Sana ma refund
Pangit naman ! Ang nipis pa
Hindi maganda kasi sira yung zipper useless ..
D ko type yn lang..
"very poor not accomodating seller , "
Wag po kayo bibili dito
ANU TO?? Hindi naman to order ko!!
kulang po yung items na pinadala nila . 
Sayang lang po yung pera kuh . 
Nag order ako ng wallet pero walang dumating👺👿😠😡😤 baka pwede din na magreply ka!!.
Zero ang rating q sa shop na ito.. i'm very disappointed in this shop I order 2 mini wallet pro isa lng ang dumating I ask for refund pro hindi ng rrply sa mga chat q..hanggang ngyon wla pa rin refund dumating.. Kng aq sa inyo wag kayo umorder sa shop na ito..Yan lng ng n rrply sa akin sa mga tanong
"Wag na kayong umorder dito na shop, palaging kulang pinapadala nila! Nakakabwesiiiit😡😡😡😡 "
very disappointed 
Basura pinadala
Manipis. Wag na wag kayung oorder dito bukod sa unresponsive seller kulang ang items na ibbgay sa inyu. Nkkbwisit!
kulang ng payong ang pinadala nila😠
sana inayos nyo yung order kooooo 😠😠😡😡😡
Wrong color! Tsk
Sira po yung zipper ng wallet
Wala akong na received
Ang pangit naman po ng binigay nyo mali pa mga tahi
Order ko brown hindi black..first time ko magoder online ng wallet tas mali pang color!
Iba ung design compare sa inorder ko pati kulay iba!
Ang pangit ng material na ginamit
"wrong item received, order ko wallet and 1faceshield dumating dalawang faceshield report nyo seller‼️‼️‼️"
di nagrereply sa inquiries
Damage 
Pangit naman ! Ang nipis pa
Hindi maganda kasi sira yung zipper useless ..
Na disappointed po ako sa kulay...
Walang kwenta!!! Sa picture lng maganda!!!
BASURA
very disapppinted shop....not accommodating their customer properly.
Hindi katulad nung sa pics. Hindi pulido ang finish :(( 
Tagal mag ship out ni seller.
Will not order again.. kausap ko si seller n different color isend pero same color p din binigay nya..
Quality is not good I will never oder again!
damage di maayos yung tahi paling paling
Factory detect po ang pinadala 😠
"I did not recieve the black wallet ,i pay on it .but i did'nt receive...."
Ang pangit
Butas ..!!!
Very disappointed... Sira2x ang zipper ayaw ko na mag.order sayang lang ang pera. Hindi pa nagrereply ang seller
Grrrrrrrrr 😈😈😈😈😈😈😈😈😈😈😈😈😈😈😈😈😈😈😈😈😈👽😈👽😈😈😈👽👽👽👽👽👽👽👽😈😈👽😠😠😠😠😠😠😠😠😠😠😠😠😠😠😠😠😠😠😠😠😠😠😠😠😠😠😠😠😠😠😠😠😠😬😬😬😬😬😩😩😩😩😩😩😩😩😩😠😩😩😠😠
Kulang yung items wala yung wallet 🤦‍♀️
Nakakadismaya yung product! Yung isa may dumi dumi tas yung isa naman sira yung zipper!!! Will not order again hayssss
WRONG ITEMS RECEIVED. TOO MUCH OF A HASSLE TO RETURN THE ITEMS. 
Nakaka disappointed overall 1 star
Low quality wallet
Di namn dumating order ko nakakainis lng
Dissapointed!!!
pangit ung pag katihi hindi matibay pinalakad lng.....kya 1 star lng....
ang nakaka bwesit... umasa ka pero mali pala... mali ang item. iba sa picture... bwesit na seller.. SCAM.. parang KAPA!!!! poor quality!!! poor quality!!! poor quality!!! poor quality!!! poor quality!!!
bad quality item
Iba binigay na item !
damage 😢😢😢😢😢😢😢😢😢😢👎👎👎👎👎👎👎👎👎👎👎👎👎👎👎
"Mali mali yung binibigay, wag kayo mag order dito."
Ibang kulay ang binigay
Ang pangit
The wallet was dirty. 
Parang may amag ung loob ng wallet this is my second time to order to you guys nakaka inis
"Hindi maganda ang product madumi,,,na disappoint "
panget quality 
Old stuck Yung binigay ng seller.. panget at di n mganda amoy..
Ang panget po ng binigay
May butas at bakbak
Iba yung dumating 🤦‍♂️
Worst shop so far
Pangit
Manipis
"MALI ANG NA RECEIVE KONG KULAY. SIRA YUNG NASA LOCK BANDA BAKIT MAY BUTAS? MATIGAS BUKSAN ANG ZIPPER. LOW QUALITY, SIRA NA NGA NUNG DUMATING TAPOS MADALI PANG MASIRA 👎 I AM NOT SATISFIED MATAGAL PA DUMATING"
I received is totally different from what is posted in your😳shop. the leather material is too thin.
Poor delivery service! Iniiwan nalang basta pag bayad na!
Wrong color.
my order is not complete. missing yung card holder.
Hindi maganda ang quality
Hindi dumating ang product :-( hindi rin nagrereply ang seller :-(
Bumili ako ng Christmas theme para maipasabay sana yung kulang na item sa nauna kong inorder naipadala naman yung item na di nila naisama sa package last time kaso itong bagong order ko mali yung laman. Iba ung nasa model na picture sa mismong laman na kurtina 😭 mali din yung size na dumating sakin
The seller informed me to replace my order with another design with pics. I did not agree such design because i want something that red is the dominant color. I told her to change the design since i'm not in a hurry. She still sent it. How disgusting. I really don't like it.
Mali nakaratimg sakin.. Iba ung order bat ganun paki ayos nyo nman po nagbabayad nman ako ng maayos pero malimali ung binigay nyong items.😔😔😔😔😔😔😔😔😔😔😔😔😔😔😔😔😔😔😔😔😔😔😔😔😔😔😔😔😔😔😔😔😔😔😔😔😔😔😔😔😔😔😔😔😔😔😔😔😔😔😔😔😔😔😔😔😔😔😔😔😔😔😔😔😔😔😔😔😔😔😔😔😔😔😔😔😔😔😔😔😔
Check muna bago edeliver..........sira ang narecieved ko..........malaking butas ...............i hate..........
"Ang pangit nitong item nato!! Kala namin pair,, yon pala isang peraso lng, pano kaya to gamitin ang pangit tingnan!!!"
Ang nipis.
Bat Mali Ang diniliver nyo? Nagbabayad naman Ako ng maayos bat kulay blue e green Yung order ko bakit bitin tapus maliit. Sana e refund nyo to. Tapos ganian pa pagkakatahi... Maganda sana Kaso iba ung nasa picture Hindi sya real fake Pala ayusin nyo naman at pakitignan maigi Ang order ko ayusin nyo.
Hi goodpm seller Ang alam ko pong order na size ng curtain ay 140x180. Bakit Ang dinelivet saken 100x210.. haist no choice na recieved ko na Hindi ko naman nakita na ganun pala Ang size.. pero thank you pa rin shopee and seller👍✌️☺️☺️
Hayy.. excited pa naman ako dito. Dahil Blue ang christmas theme natin ngayon. Kupas ang kulay nya.. ung tipong madami ng pinagdaanan sa buhay. Hindi ganto ung ineexpect ko since sa picture kasi is Dark Blue sya na matingkad.. Disappointed ako ng konti 😒🙄 Packaging and delivery are okay though.
Honestly I am not happy with the quality oo mura pero maxado siya mapusyaw parang malungkot naman tignan for Christmas curtain.
Mali pinadala di malapad at mataas!! 140x180 order ko pero 100x210 binigay!!! IBA PA PINADALA ORDER PA NAMN TO LATE PA NAGSABI😡😡😡😡😡😡😡😡😡😡😡😡😡😡😡😡😡😡😡😡😡😡😡😡😡😡😡😡😡😡😡😡😡😡😡😡😡😡😡
"Di maganda tela,manipis at mukang kukupas sya agad sa isang labahan. Sabagay mura lng kaya di ako dapat mag expect ng maganda, naakit lng ako sa ibang reviews na maganda daw,un pala hindi maganda pinadala sakin. Maganda lng sa picture. Sayang pera. "
"Not so satisfied. . The fabsic is thin. . Design is the same as advertised but the color is very far way behind. . There is no opening at both ends, no choice but i have make an opening so for the rod to go through, and doing so will absolutely ruin the fabric. See attached video. A"
First was icacancel ko na sana ang order ko because out of stock daw. Un pala pinalitan nila ng iba. Im not sure kung mapagkakatiwalaan ang shop na ito.i
"Hindi naman ako nag expect na sobrang ganda ng dadating na curtain kasi alam kong mura lang, pero Sobrang nakakadisappoint kasi yung kulay parang luma na, kupas na. Magkaibang design pa yung dumating, same design ang order ko. Yung isang kurtina, hindi pa maayos pagkatahi."
sana man lang nag inform kung out of stock ba yung inorder kong design..haynku
"Bagal ng delivery,hnd sumasagot sa txt ang seller ...."
"ANG PANGIT NGA TELA!! MANIPIS, ANG PRINT PARANG 10 YEARS NA GINAGAMIT.. OK SANA C SELLER PERO UNG PRODUCT SOBRANG PANGIT,, NAHIHIYA AKO NI MAMA KC 1ST TIME NYA MAG ORDER SA SHOPPE, NAKAKMURA NGA PERO ANG QUALITY PANGIT.. SAYANG YUNG PERA NYO PROMISE.😡😡😡"
"I'm so disappointed😡😡😡subrang sinungaling si seller 140x180 nka display na size pro pgdating dto 100x210 tpos ang pangit pa Ng kulay malabnaw at hnd Tama ang color Ng pinili ko subrang nkka dsmaya tlga,nagbbayad ako Ng sakto pro mali2x ibbigay sau😡😡😡"
Naka dismaya bakit yong size hindi nasunod Ang order ko 140x180 bat naging 100x140 be responsible naman seller kasi pano ito hindi nasunod it's means yong omorder Sakin into hindi matutuwa kasi Mali hai hai be responsible na man sa susunod
140-180cm nkpost s inyo.. bakit nun naideliver n ang kurtina s akin eto n naging size 100-210cm na .. pkiayos nmn mga inoorder s inyo..
Nakuha ko na order ko kaso mali ung nabigay na design at sukat ng green ang prder ko 140cm x180cm and dumating 100x210 cm. Hays
Mali ang sukat ng deniliver nyo 140x180 ang size na nakalagay sa order ko pero dumating 100x210 masyadong mahaba need ko pa remedyohan
Super pangit ng curtains... Iba ung tela nya sa nabili ko sa ibang shop... Hindi xa red... Pink na ato to ehhh... As in worst curtain na nabili ko online... Pero ok naman ung seller nag uupdate xa
I will only give 3 stars this time kc mali mali pong design yong pinadala😢😢😢nakakainis di nman po inayos dapat kung ano po order yon po pinapadala nyo!!!
Apat ang punit sa pitong inorder namin. ang ganda pa naman sana.
Item received is smaller than what is listed in the product details. Gave the feedback to seller for incorrect spec. Will not be ordering again
Not a complete curtain just like what is in the picture. Only one side. Faded color.
"Fast shipping pero napaka fade ng color! Kala ko pa nman dark blue talaga sya. Ang putla. Ampangit. Sayang pera. Alam ko nman na cheap price, so what to expect. Pero may mga nabili narin ako na same price range pero maganda nman. Etong pang xmas design na to, 👎 talaga"
"Kulang po ang pinadala .. 3 sets po order ko, 2 sets lng dumting.. bakit?"
nakaka disapoint bukod ung tela nya sa parang gamit na gamit na ibang iba sa picture na dark ung pagka black nya kupas na kupas pa... may damage pa apat pa naman knuha ko🤦‍♀️🤦‍♀️🤦‍♀️
"I ordered size140x180, you give me 100x210, a little bit disappointed"
"Incompete ung unang sinend sakin na item. Pinag order nya ako ng bagong item para daw isesend nya ung kulang, pero ung nareceive ko lang eh ung bagong order lang. Sana nirefund nyo nalang derecho nagsayang lang ako ng pera sa inyo!! Sobrang nipis naman ng kurtina ang panget ng tela 0 star dapat ito"
Di na kami oorder dito mali yung size na binibigay panget pa ng tela hindi namin mali kami pa magbabayad ng shipping pabalik
Grabi Ang ninipis nmn ng bibigay sakin Ung ona na order ko makapal naman un parepariho nmn. Ung price nya tapos. Bakit annipis ng huling bibigay
"2 diff designs at price ung inorder q,dumating same design nung mas mura.ang price nung isang binayaran q mas mahal dyan sa pinadala.next time po hintayin nyo nmn reply ng customer bago nyo ipa ship.pano pag d nya nagustuhan design o hindi bagay sa theme ng bahay dba.KAMI NAGBABAYAD KAMI MASUSUNOD!"
Manipis pala😑
ang pangit ng items nyo...ung order kong curtain ay size 140x180...pro ung pinadala nyo is 100x210...ang luma pa...8pcs pnaman order ko...nakakadismaya kayo...
Nku po bkt ganito kapangit..kaganda nong una qng inorder kakadismaya pangit...
Ang liit at manipis. 😥
"Very disappointed. I DO NOT RECOMMEND THIS STORE! IT'S THE 2ND TIME I RECEIVED INCORRECT ITEMS!!! OBVIOUSLY, SELLER DOESN'T CHECK THE ITEMS BEFORE SHIPPED. I received 33 INCORRECT ITEMS in total!!!"
Matagal yong Shipping . Hindi Naman ako nag eexpect na maganda pero na disappoint talaga ako kasi Ang nipis ng tela.
So disappointed! Super nipis parang papel or one time lang pwde gamitin parang disposable .. kupas din po ang kulay ..nakakapanghinayang ..pwde bang ibalik ito??? Sayang lang pera . Maganda lang sa picture .
hindi maganda tela nangungupas
Matamlay ung print
"Mali ang pinadala. 140x180 ang order ko ang pinadal 100x210 , tapos wala pang dobleng tela sa taas. Andami pa naman ng order ko. 24 pcs kasi order sa akin. Ngayon hi di kinuha nung umorder kasi mali ang size!"
"Kupas ang kulay, hindi maganda."
Maling design at kulay pinadala sana naman sa susunod mag update kayo Kung d available yung item d yung magbibigay kayo ng iba yung d pa bet na design at kulay. Ito yata slow moving na design kaya 6pcs. Talaga binigay sakin!
"Bkit ibang kulay binigay nyo,. Mali pa ang size nya. Ano bayan."
Kaganda sa picture sa personal iba.......
faded lng ang kulay nya....
Mejo faded ung color
Nakaka disapoint po mali ang dumating na order Sakin.. at nung kinokontak kupo ung shop nyo para ipalit ung order ko ni isa wlang sagot .. pasensya npo sa comment ko maging aware din po sna kayo sa mga costumer nyo salamat
Manipis sya....
out of stock u g order ko at hindi ko gusto ang kulay na pinalit... i don't like red!!!!!!!
Very disappointed 😞😔 mali ung binigay na color. Red w/ Santa clous ung design. Pero gold dumating.. umoorder ako ulit pero sa iba na. Baka kc iba parin ang ipapadala.. tskkkkk 🙄🤨
Expect the unexpected.sobrang panget ng item.Magka iba ang pic sa actual.
Ang pangit Yung telA pati Yung kulay
Bakit ang domating ay iba hindi yong kolay na order ko
Akala ko yung picture na display katulad sa actually na picture. Ang layo pala. Di ko na gustuhan an kulay. Piro thank you parin po.
Yung christmas curtain napakaganda nya sa picture sa personal napakapangit yung kulay nya ang pangit yung tela manipis. Kung gaano xia kaganda sa picture ganun din xia kapangit personal akala ko maganda yung curtain hindi pala expectation vs. reality ika nga 😌😌
"Ahmm. Yung quality ng pag kaka print ay super blurred 😂 dahil ba sa cheap ang price kaya ganun. Anyway, don't know where to use kasi di sya presentable 😂😂😂"
Not satisfied 😢😢😢
I give one star po Kasi faded na yung kulay nang kurtina di na halos makita yung design. I expect pa nmn na maganda yung kulay hays naka disappoint 🥺😞
"ka disappoint talaga tama Yong binayad ko kulang ang item na pinadala..mali pa ang size ng isa..,😠😠😠😠"
140x180 ang nkalagay na size🙄peru ang dumating ang liiit😔😔😔 disappointed agad 1st order palang...hndi n Aq ulit oorder😥
Yung order ko mali... 3 yung mali ang dalawa tama.. Nakakadismaya kasi di kinuha yung 3..
Bkit diman kulay red naging maroon dumating sken tpos ung isa mhaba pa
Hindi na ako oorder ulit dito sa seller nato.di naman sila nasunod sa design at collor..kakainis lang😔😔😔
Ang nipis ng tela...hindi kp nagustohan
180x140 order ko 😔 peru 200x110 dumating not satisfied costumer😏
Item received is smaller than what is listed in the product details. Gave the feedback to seller for incorrect spec. Will not be ordering again
"Parang kupas nman... Pro mahaba nman xa, kasya siya sa pinto namin..."
Grabe kahit nakaplatinum member na ako sobrang laki triple ang shipping fee nakakainis dati nong mga 15 lang ang shipping fee ngyong naka platinum member na ako mas tumaas pa ang shopping kainis ka Shopee
"Not satisfied,"
It gives black variation option pero ibang kulay dumadating. Ipapa-return ni seller kaya hassle pa sa buyer. NOT RECOMMENDED TO BUY HERE 👎🏼👎🏼👎🏼
"Item different from the picture talaga. Very different. Parang nagamit na at ilang ulit ng sinubsob sa tubig... Mas maganda pa ata Ukay² na shoes e.. Sana wag nalang magpost ng kay Ganda gandang pictures tas di naman pala sakto pagka deliver na sakin,"
"Long story, I only ordered 2 items and this one has factory defect, Hindi pareho ang likod, missing ang black sa likuran ng shoes, we talked it with the seller and I got 100 refund and I hope this will not happen again. The red one is OK. Thanks shopee for giving chance to rate this sellers"
sira namn ung sapatos durog ung pinag tahian
"Not d expected from d photo, very far."
I ordered the red one but I received a yellow one. 🙂 Plus the packaging is not good. The seal of the plastic is already torn out.
"Isa sa pinkapangit n item n n-recieve ko, madaya ang supplier, iba ang nka-display s promo s ipinapadalang item... Nakakagalit talaga.... Hay naku"
manipis lang pala sya sa picture maganda
Ser bakit yung na delever nyu na sapatos mali yung isa d sila paris lahat puro kaliwa
"Size 39 inorder ko pero size 38 ang dumating, sayang lang hindi lang din magagamit 🤦‍♀️"
Ang sabi COD PRO D NMN HINAHATID SA ADDRESS N NKALAGAY..SAYANG LNG BINABAYAD NMIN NA SHIPPING FEE
Kulang kulang👎👎👎👎👎👎
Super nipis
Isang gamit lang sinusukat palang nasira kaagad unting adjust lang sa sikip na punit kaagad parang maputok na damit yung pagkakapunit sobrang Dali mapunit kung ako sayo wag kana umorder promise dagdagan mo nalang budget mo kesa disposable yung 170 mo
Maam/Sir bat mag kaiba ng size to yung left 43 yung right 42 
Di ko siya mareturn nagpunta ko jnt for return di nila mascan yun bar code na binigay Nila... I'm very disappointed.. Sayang pera ko
The picture of the product and the actual appearance of the product is not the same.. super duper disappointed.
Maganda lang sa picture huhuhu ayaw ng anak ko🙄🙄
Sablay walang kwenta sa picture lng mganda ang size daya pa sinulatan lng ng marker bad trip.
Hindi nakalagay sa box niya yung shoes😤
Madaling masira hindi matibay
Pangit Hindi sha yung parang sa Picture🤢🤮
Sobrang nakaka bwisettt
Ang pangit
its different to the photo
manipis tela
Hindi sya maganda.... malayo picture at personal.
Di maganda amf
The heck what is this item
pic1 is the one you advertise and what i ordered... pic2 the you send me... dis appointed.. can i have a refund?
may kahon pala pero di nmn nilgay sa kahon..hahaha.. deform tuloy cxa..haha... sabagay mura lang eh..haha
Madaling masira.. Don't like.. Not recommended
Panget madali masira
Kung gano ka mura ang presyo . Ganun din kapangit yung item.. meron ngang sintas peo pag hinigpitan mo masisira yung butas n lagyanan ng sintas. At angpangit ng pagka tahi dahil madaling masira. At subrang nipis. Hindi ko nagustohan . Mura nga peo mapapa mura ka lalo pag na kuha mona item.
Very disappointed. Product is far different from the photo in the shop. Worst experience ever. I've ordered how many times in shopee but this is my first time to encounter sellers who mistakenly put a wrong item. 
Masyadong delay yung delivery. Sept.11 ko pa inorder and dapat sept 15-19 siya darating ee sept 20 nalang wala pa din.kaya ayun nag extend ako ng 3days tapos wala pa kahit sept 24 na. Grabe ang delay eh wala pang respeto yung nagdeliver pinagtaasan pa ako ng boses. I'm so dissappointed 😒👎
Sobrang badtrip ako nung natanggap ko toh hindi nakalagay sa box tapos yung box na lalagyan sana ng sapatos nasa loob ng cellophane nakayupi ako na nag adjust sa second pic napakaweak na ng box kasi nayuyupi ang pangit pa ng sapatos malayo sa PIC!!!!!!!! GET LOS!!! MAKARMA KA SANA!!!!
❌❌❌❌❌❌❌❌ Wag na kayo umorder napaka pangit. Nakaka disappoint pati na hindi man lang naka box ayun deformed ang item. Ayan may dent pa nga. Tas galit pa ang seller kase nag 1 star ako sakanya ee sa pangit nmn talaga ang tinda nya. Expectation vs. Mapapamura ka sa reality. ❌❌❌❌
Ano Wala kayong responce return and refund ko nga sayang pera ko wrong size tapos ayaw nyo pang sumagot sa mga tawag ko well kapag Wala paring nagresponce Ewan ko nalang talaga wag kayong bibili jan panget na Ng item ang ganda sa picture eh tapos wrong size pa🙄😤
"yupi Yung sapatos nung binigay ng nag deliver. 🤦saka sobrang intresado nung rider sa item di ko Alam Kung nagpapaka friendly o ano. ""Sir sapatos to sir? Sapatos ba to?"" Tinapat pa sa liwanag para silipin Yung laman. "
bilis masira iisang suot lng ahaha sayang pera sa inyo
Hindi manlang inayus ang pagbalot.my karton nmn pero tinupi nmn ang karton...my mga part n parang lubog yun goma s gilid dhil cguro s pgtupi ng items at d nilagay s karton...para skin bagsak ito...
"ang pangit! hindi na gustuhan nang buyer ko, kasi ang bigat at hindi pa naka box. poor quality!"
What can you expect at this price? Design is fine but material used is very low quality. Poor quality. 
Grabe lang. Sobrang layo ng itsura sa picture. Ang laki ng expected ng bumili tas gay an pala sa personal. Tsk sayanggg lang. !!!!! 
Pangit ng shape at hindi rin fit sa paa. Ibebenta ko sana. Ipamimigay ko nalang
Hindi ko nagustohan plastik pla ito kya pla mura lang
I was disappointed it is like very low quality
"sayang ang pera, kunting higpit ng sintas sira agad ang talian, wag na wag kau bumili nito, useless lang "
"DON’T EXPECT MY IN LAW ORDERED IT, ITEM’S NOT CLOSE ENOUGH SA PICTURE NA NAKALAGAY, too bad di kami nakakuha ng onhand pic bago orderin "
Ang pangit ng sapatos
Hindi lang nilagay sa kahon haha tinamad po ata yong nagpack niyan haha
hindi pantay yung size nung sapatos isa maluwag and yung isa masikip
Walang kwenta. Sira agad
Pangit Yung nakuha Kong order dahil sobrang dali Lang nasira
Maganda lng sa picture pag sa actual ang pangit ang nipisnipis.
Unang gamit q plang sira na agad okay sa siya kaso ung lagayan lng ng sintas tpos maluwang ung isa ung isa masikip haha isang beses q lng gnamit kc nacra agad.
Ang layo naman sa ini-expect ng buyer ko kaya 1 star lang 🙃 And sana ayusin naman ang pag pack konti nalang durog na yung sapatos tssssszzk
Panget Yung lusutan Ng sintas
Wag na kayo bumili dto 
Hindi maganda pagkabalot 
I don't like it. Expectation vs. reality talaga. Myghaaad. Delayed pa talaga😒😒
Deputa wag kayung bumili ampanget gagu
so lame lame
anlayo naman ng nasa picture yung dumating
So dissapointing
LOW QUALITY. PANGET
"Hnd maganda yung rubber shoes, nakkadismaya lng,.."
Sira. Nakakadismaya
Sa pic lang maganda🙂
Ang daling masira sa may talian ng liston
I order 42 but I received 44 wts seriously
Ang layu sa pics.
Low quality. Mabilis masira
Wrong size
😢🙄🤔😔
Hindi same sa item na nasa pic at sa item na nakuha ng ibang customer. Walang problema sa kulay pero yung klase ng slippers ibang iba. Sira pa ang isa. Mabilis na pigtal..Sayang pera nyo. Wag kayo oorder dito.. Scam nga ito.🤬
Walng kwenta ang seller.. BASTA LANG MAKABENTA.. IBA IBA SIZE NG SAPATOS HINDI PARE PAREHO...WAG NA KAYO UMORDER DITO.. SAYANG PERA KO 2K BINAYARAN KO 2 ORDERS SOBRANG TAGAL DUMATING TAPOS PURO PALPAK WALA PA YUNG 2 BRACELET NA ORDER KO. IBABALIK KO MGA ITEMS NA TO SA ISANG ORDER KO .. 
walang hiyang seller nato. nakakainis talaga kasi po mali po yong pinadala saakin. ang order ko ay color black tapos ang dumating sa akin ay color pink? ano ba yan malinaw na malinaw nman po yong order ko tapos nagka ganito pa. tas hinde pa mag reply si seller? okay lang sana kapag nag reply sya.
"Trusted ko na, pero binigo nyo kong paniwalaan kayo seller. Nag expect akong after 3 days dating na, oorder ba ko dito ulit kung di ko na trsuted? Nanghihingi ako ng confirmation nyo kung mapagkakatiwalaan ko bang kahit lunes dumating basta dadating. Kaso napahiya ako sa buyer ko. Di kayo nagrereply"
THIS SELLER IS A HUGE SCAM! WAG NA KAYONG OORDER DITO. YUNG MODUS NITO MAG SESEND NANG PICTURE NA KOMPLETO ORDER MO. TAPOS KULANG PALA IPAPADALA. KAHIT MAG REQUEST KA NANG REFUND D NILA TATANGGAPIN KASI THEY DID IT ON PURPOSE! MGA SINUNGALING. TAMA NGA MGA BAD REVIEWS NA NABASA KO. SAYANG PERA SCAM!
Mali ang items dumating So sad 😭😭😓 Mura nga mali naman items Unfollow na kita Ayoko na mg order sa inyu
Seller not responding for the wrong item that they send to buyer. Dont order to this shop. Waisting time
"Gusto ko palitan niyo order ko kung ano ang nasa post niyo. Ang layo ng itsura sa pic ni hindi nga kahawig. Nag PM na ko sa seller na to, ill be waiting for your reply."
wrong items recieved.wala pang sintas .luma yung sapatos at medyo sira kaya pla mga.mura items nilA. wag kayo umordet sayang pera niyo kc di cla ngrerefund gusto ibalik pinadala nilang maling items .eh di nmn libre ang shipping fee pag i alik sakanila. wag kayo umorder luma mga items nila kaya mura.
Nde marunong magbasa Ng order.basta maymapadala lng..Wala pang sintas.mali Ang kulay n pinadal..Sayang tiwala nmin s inio..nanloloko kua Ng tao.nde p parehas Ang size Ng bawat pares..sobrang bwisit kau...
"So disappointed.. grabe ilan beses na pending na pickupin ng courier kc hnd pa nkaready, ayun! In the end wrong color pdn... PINK ang order ko e BLACK ang dumating... hnd mn lng nag pix ang seller ng items na ipapadala kya nmn pla e mali ang ibbgy... hnd p sumasagot sa chat.."
ano to gaguhan ???? antagal kong naghintay tpos maling color ibibigay nio sakin ???? alam nio bang pang exchange gift ng asawa ko to nakakahiya naman kung ibinigay ko na ng maling kulay !!!! ang linaw linaw puti ang order ko ndi black ?? ni ndi man lang kau nagtanong ibabalik ko to sumagot kau
Mganda sana ang item peru sana po pakidouble check ng item before ipadala...wla pong sintas at my damage pa..
"Maganda sana kaya lang walang sentas,..ang hirap maghanap ng sentas,. Na same color ng shoes,."
yan lang nman yung sapatos na pinadala mo worth 110 ang isa nkita ko sa products mo . mali yung pinadala mo na shoes at magkaiba pa grabe tong seller na to dalawa pa nman order ko worth 300+ binayaran ko . WAg na kayo umorder ka seller kung anoano pinapadala 
Pinadalhan mko ng iba! Magbabayad nmn ng tama sa inyo bat kayo ganyan?
Nakakadismaya naman.ibang item yung pinadala.kahit dalawang beses akng ngmessege sa seller na e double check yung item bago ipadala.
Ayon na nga Ilang beses na Nila ginawa na Kulang ung order Tapos pag Mag chat ka wala Silang Paki na Mali Mali binibigay Nila ginawa na Nila Una sakin PERO Hinayaan ko Kaso Wlaa sa Una Lang Magaling Sana namn maging loyal Kau sa amin ung order namin Tama ed useless PA Jung Ilan orderin kung Kulang n
Size 39 inorder ko size 40 dumating wala din ung Tali nya at Meron Pang damages. Nkaka dismaya talaga
bkit ganun ang size 39 ung inorder ko pero parang 37 naman tong pinadala nyo..haaayyy sana nmn poh ayusin ninyo pagppdala kc maaus at kumpleto nmn ang bayad..msaya b kau pg ganyan..para mkbenta lng ngppdala kau ng maling item..nasan ang konsensya??🤨🤨
kung pwedi palang hindi na mag lagay ng star hindi kuna lalagyan. Nakaka bwesit yung seller hindi nag rereply. Sira ang pinadala walla pang lace ang shoes. Hindi pa pantay ang size. Masasabi kulang wag na kayung bumili sa shop nato. Masasayng lng mga pera nnyo😠
kung gusto nyong magsayang ng pera bili kayo dito! sa 5 na orders ko walang tama! sa 4 na sapatos 1 maling item yung 3 mali yung size! at isang relo na hindi gumagana! pina ayos ko hindi battery yung problema yung relo mismu!
Ibang item na recieved ko . 
Anu ba tong pinadeliver nyo!! Napaka laki ng deperensya sa size tignan nyo ngang mabuti! Tagal ko ng umoorder sa shoppe kayo lng ang nka encounter ko na palpak!
"Babala po para sa mga oorder sa shop nato,sa iba nlng kayo umorder...Maling item pinadala nla...Hindi pa responsive c seller....!!!!!.Nkakainis!!!"
Tama sana yung item kaso parehong kanan yung dumating sakin. Paano yan magamit? Hindi pa nag rereply si seller!!! Paki bigyan naman ng pansin!!! 
ISANG PIRASO LANG ANG PINADALA SAKIN DEPOTA KAYO. MANDARAMBONG MAGREFUND NALANG KAYO. WAG KAYONG OORDER DITO SA SHOP NA TO!!!!!!❌❌❌❌❌
Marami nang NALOKO ang seller na ito. Marami nang complain kasi mali2 binibigay na item. Scam po to. Dapat binaBAN to mga online shopping. Ang layo nang nasa pic sa natanggap ko. Ma karma ka sana.
"Hindi man lang ako ininform na pinalitan pala ng black, sana lang magustuhan nung bumili sa akin. Sana next time sabihin . "
Different from picture...sayang lang pag order kasi mukhang tig 100 lang to sa bangketa...manipis din ang tela...😩😩🧐🤨
wag na kaung omorder dto sa shop na toh magsisisi pang kau... d pati marunong magreply khit tinadtad muna ng chat... bweset.....
"hindi kau honest ,,. eh ang nipis2x ng pinadala nyo sana yong tag 89 nlng sa shoes pinili q parang ito yata pinadala nyo eh..so dissapointed sana maging fair nman kau subrang sayang,,"
Mga makakapal ng mukha. Black bayan? Mga bobo Kayooo mga qaqo
Huwag kyo oorder sa shop na to bulok mga items nila sira pinapadala nila ...hndi nila chinicheck ng maayos ..tapos yung seller kainis .😡
"Pangtatlong beses q na nag order ngayon Lang Ang Mali ideliver sakin , Yung dalawa na order Tama naman pero ngayon papadalhan aq nang Mali na sapatos. Nakakahiya sa buyer q pakiayos naman po ng serbisyo nio . 😡😡😡😡"
Wrong item received with damage 😕
"pwede no star? grrrrrrr...wag na wag na kayo mag order mali ang item na pinadala, di man lang magreply ang seller sa mga chat mo.. don trust dis store.. "
"Puta, pink inorder ko, black ang dumating,. pang ilang besis na ito,. Hindi lang isa, dalawa o tatlo kundi pang apat nato na order ko na puro mali ,. "
"Puta, pink inorder ko, black ang dumating,. pang ilang besis na ito,. Hindi lang isa, dalawa o tatlo kundi pang apat nato na order ko na puro mali ,. "
HINDING HINDI NAKO UULIT BUMILI SA INYO!! NAKAKAWALANG GANA LANG IBA SA PICTUREE. TAS MALI PA UNG PINADALA NIYONG SHOES.
"Dismayado ako sa order ko na shoes saksakan ng mandaraya yung seller nato, sana cnbi n lng nya na wla ng stock yung gusto kung shoes sa knila. Makabenta lng khit hndi yun ang order mo igo go p din!kung wla kang stock sabihin mo hndi yung ipapadeliver mo pa din kahit alm mong hndi nmn yun yung order."
"sana man lang nag mssg kayo sakin na walang color white, hindi yung magpapadala kayo ng wrong item! "
Naka dissapoint pink item pina dala. 😫
Totally different ung pinadala at mukhang sindadya!!! Perwisyo at inis lang napala ko. 
bweset na bweset aq dto magpapadala ng maling item d ko nman magagamit kc pinakaayaw q pang kulay....bweset tlga nagsisi lng aq.... wag na kau oorder dto
Walang yang seller nato wag na kayong omorder dita tatlo yong inorder ko dalawa lng yung dumating ang bobo talaga nka lagay pa nmn sa order ko na tatlo tapos dalawa lng yong dumating!!! 
Nag oorder ako maagan sya dumating pero may problema sa isa. Yung kulay pink kanan lahat. Hindi ko alam pano gagamitin. Hindi pa nag rereply si seller. Sana naman po maipapadala nyo yung isa. Atsaka sana naman po sa susunod check nyo ng maigo. Wala pang liston !
"I ordered pink, I received black. So disappointing..."
Nireject nyo yung cancellation ko tapos mali naman kulay ibibigay nyo! Mga bobo!!
Kulay pink ang inorder.. Tapos dumating black!!!
Nakakainis po bat dumating sa akin black imbis pink po nakakainis wag na kayong umorder sa shop na to dahil nakakainis
Wag na kayo bumili sa store na to. 
mali po unh size n dumating 37 and 38 po order bat 40 po dumating
No product received and I WILL NOT ORDER AGAIN😡😡😡😡😡😡😡😡😡😡😡😡😡😡😡😡😡😡
"Wrong color, shipped very late"
"Wla po cyang shoe lace na kasama saktu nmn binayad ko bat kulang pinadala nyu?, alam ko my shoes na wlang lace pru ito d talaga pwd suotin na wlng lace, pam bihira nmn 👊👊"
Mali hung kulay haaaaist kainis
I requested a refund to seller and return the item I received because it was wrong. I was sending an email to shoppee on who's going to pay for the return shipping fee as Im unable to print out a label. This things should have been covered by the seller. 
😭. Emoji says it all.
Mali naman yung product + di nagrereply si seller 
Sayang lang pera dito!!!! 
Not the same size😤
its different size!! how can it be change the right foot is 39 should be 40
Disappointed!
Wrong size!!!
"Wrong item delivered , wrong color din, mali mali ang binigay na item, ang dami ko panaman na order"
Wrong size😠
"Maling color po ung dumating,,white po order ko"
Worst packaging!!
Incomplete order! Disgusting seller!
Mali pinadala
WRONG ITEM ANG PINADALA SA AKIN!
D dumating Yung order ko😢
ang linaw linaw ng order kong size 40 tas ipapadala 38..napakatanga ng seller!!!!!
Wla sintas 
Iba yung dumating sayang lang yung pera ko ang pangit sana naman kung ano yung nasa picture yun ang ipadala nyo 😈😈
Maling kulay ... 
Hindi dumating yung item saken...
"Irresponsible po yung seller! I ordered bronze pero ang dumating black, tapos minessage ko siya di man lang nag reply. In short tumatakas sa kamalian!"
"Nakakadismaya Naman omorder sainyo brown ang order ko pero black ang dumating ,brown shoes lahat Ng abay tapos ako black wala tuloy ako gagamitin thank you sa pamamali Mali nyo pagbebenta Sana marami pa kayo maluko"
bronze inorder ko black yong pinadala ang bobo naman. sana nagsabi kong hindi available na color.
Why is it too big for a size 40?
Maling kulay dumating umay!!!!
"I received wrong color of this shoes, I ordered Bronze and I they sent me black instead."
wrong size!
The color I ordered was not the one who arrived.
Good in photo but not satisfied on the product
SUPER DISAPPONTED SA SELLER AT SHOP NA TO. Napakaclear naman na size 41 ang order pero ang shinipped e size 42. Napakaunprofessional sumagot ng seller. Godbless nalang po sa inyo! Will not recommend this shop sa inyo guys. Better look nalang sa ibang store para dikayo magaya sakin 🥺
"Very disappointed. Anlaki sobra ng size then I requested for replacement,pero ayaw na ipa replace. Kasalanan ko daw.? I admit, my fault nga na Mali size na inorder pero usually ung size na 41 inoorder ko for my papa nagkakasya naman,eto sobrang laki sa kanya. That's why ipapa replace ko Kasi sayang."
"Wrong item, the order said coffee but the seller gave black.. irresponsible and need more improvements"
"Ung order ko bronze...tapos binigay niyo sa akin black, d nko mag oorder ulit sa inyu,your not trusted,Wala Ng customer na kukuha sa inyu..FAKE!!"
VERY DISAPPOINTED ☹️☹️ NAVYSKYBLUE 44 tapos yan dumating. Paki ayos naman seller.
not satisfied!
Not the usual rubber shoes i bought. Very low quality.
Wrong Color
UNFAIR SELLER! ILANG BESES NA AKO NAKA PAG ORDER DITO TAPOS MALI MALI ANG SIZE! HINDI SILA NAG IINFOM BAGO EH SHIP AMG ITEMS! SO UNFAIR!!!
Sobrang pangit ng quality at wala pang bo
Low quality product
Nakakapang lumo jusko po ang ganda sana kaso may mga damage hindi ko alam kung masusuot ko ba siya kasi ang dami niyang mga damage. Naghingi ako ng picture before iship kaso seener ang seller niyo. 👎👎👎👎👎👎👎👎👎👎👎👎👎👎👎👎👎👎👎👎👎👎👎👎👎👎👎👎👎👎
"mali naman yong binigay, sabi ko shooting star, tapos naging ice cream eh meron na ako nun.😪😪😪"
Bulok
I'm telling you not to order from this seller. swertihan dito kung makaka recieve ka ng maayos at WORTH IT na product from them.Malas ko ung pang regalo at paninda na sana hindi pa mapapakinabangan. WORST IS sa halip na irefund ang gusto e i rereturn p sa kanila. yung abala at quality hindi worth it
missing
Wrong color! Ang linaw mg pagpilian!
hindi kumpleto orders ko
Wag kayo bibili dito mali na yung item na pinadala ang gusto pa nila ikw magaaikaso ng process ng return pati pop it sira din butas hindi manlang chineck sa halagang 111 ngpapakilala kayo sa inyo na yan. Yayaman kayo sa halagang 111. Ko
Kulang yung order namin. Wala yung sewing machine ang sobra yung po pop it na popsicle. Pakiayos naman please.
i selected free shipping and approved voucher for checkout yet seller still charge me for sf 😠😠😠😠😠😠😠
This as you can see has a big hole and seller is not responding on how I can get a replacement without me having to pay anymore shipping. Seller admitted that they have not checked this. Can u refund or send me a replacement. I hope to hear from you
kulang ng isa 7 ang order ko 6 lang dumating 🤬
"manipis po, nasira agad"
Sira po agad yung item unang pop sa pop it natanggal agad
"walang kakulay kulay pero yung nasa post kala mo maganda, hindi naman rainbow, waste of money"
Damage item
Mali yung binigay mo hnd mo man Lng Ko inupdate wala kang stock ng order ko walang kwentang seller
"I ordered 8 pop its and yung 3 pop its is nakaka-disappoint 😞 Yung strawberry,(maliit, iba sa picture, nabalik kapag i-pop). Yung Tumbler (sobrang tigas). And Yung lollipop (sobrang liit I-pop). Sabi ni seller, sa manufacturing dw Yun. Pero dapat namn chinecheck Nila yung quality.😞😖😤🥴🤕"
Panget.. mali mali cla.magbgay ng colors
Wrong color
"Macaroon yung inorder ko. Lahat Macaroon. Wala kahit isang Macaroon na dumating. Yeas po, importante po na Macaroon yung kulay. Marami pa pong seller na mas okay . Dun nalang po kayo bili. Nagemessage ako dito, walang sagot."
"Hassle ang mag return ng item, Sana bago pinadala cheneck mabuti kung may damage, magkaibang kulay inorder ko, pinadala nya same color, nangatwiran pa si seller parehas lang rainbow color."
"Mali ang nadeliver na item, Heart ang inorder tapos bilog ang dumating. Maliit na bagay pero hindi pa din nasunod ang order. Tinanong ko kung sagot ba ng seller ang shipping delivery kung magpapalit, hindi daw. kaya bigyan ko na lang ng mababang rating since hindi ako satisfied at mali item"
The unicorn and among us pop it color we ordered is macaroons but the order we received is rainbow color... Wrong products ship please be responsible when shipping the product and also inform the buyer when the products they order is out of stock...
Panget! Iba binigay! Ang panget pa ng quality!
Kulang items na pinadala 😢🤧 Nag request ako refund walang balita kaya 1star nlang ibigay ko
PLEASE DO NOT BUY. NOT WORTH IT. BASURA. KULANG PA ITEMS NA IPAPADALA. MADUGAS ANG SELLER. GOODLUCK SA OORDER!
Very very low quality… sobrang liit.. wala pang isang dangkal.. NOT VALUE FOR MONEY
"Wala namang catnip sa loob ng toys. Yung ball, hard ball, not cotton"
"Kayamot. Sabi sa picture halos kasing laki na nung pusa pero nung dumating mas malaki pa kamay ko, tas nung binuksan ko mga maliliit na kahoy lang ang laman joke ba to? Walang catnip sa loob. Nasayang pera ko sainyo"
Apakaliit pala nito. Tapos yung feathers tanggal na 😔😔
Kala ko malaki ang laruan yun pala ang liit lang.
On the picture it was a big toy but when i got the item it was so small. Waste of money.
Mabagal
No catnip at all
UNSATISFIED BUYER! Nag-chat p q s seller na sna complete 6pcs. ung isend nyang orders ko only to find out that the braided bone was missing! Oh my G seller! Psabi sabi ka dinouble check mo pro khit bliktarin q ung plastic wla pdin!Kdismaya ka! wg k cnungaling! I will NEVER order again on this shop!
"DID NOT RECEIVE THE ITEM. SELLER IS UNRESPONSIVE.. Do not buy from this shop. I paid via CC on my 1st order, delivered late, seller did not help me track my parcel. 2nd order, opted cod, kulang ang items! Does not reply even when he's online! Does not want to refund!"
Sobrang tagal ni shopee express mag deliver
The packing of the item is not that good. Not to mention i wasnt able to receive my cat litter. Good thing they was able to refund but the over all experience and the hassle to order it again was not a good experience. They should atleast inform me beforehand that they dont have the product.
"kulang yung laruan ng nilalagay sa taas ng lutuan, maganda sana yung product."
Kulang yung items
Very small
Item incomplete and not responding on chat!!!
Ayko na sana received kasi nakakagalit ang seller di man lang marunong mag response WAG KAYO BUMILI DITO KUNG AYAW NYO MATULAD NA STYRO NA LANG ANG GGWIN POSTE MAGAMIT LANG NG BATA grabe HALAGANG 100 NAGPAKASIRA D MARUNONG MAAWA SA MGA CUSTOMER NAGBABAYAD NAMN!!WALANG KWENTA!!!
Maliit sya in person.. Dissapointed ang bebehan namin 👊👊
Super liit
"Ambastos ng rider nyo makipag usap sa buyer. Mayabang, walang modo, wag nyo na yan pag dedeliverin ng items ko diko tatanggapin pag sya rider ko"
Nakakadisapoint sobrang liit naman pala nito!! Sa post pic akala ko malaki matutuwa na sana anak ko pero ang liit naman pala!!
ugh kairita😂😂😂
Sira yung blocks yung gilid tapos yung ibang print text na jengga di maayos tapos ang pangit pa kausap yung seller nag tatanong lang di maayos pag sagot tapos iba yung nasa pic tapos kailangan pang magmakaawa na iship agad para maiship agad ng seller sa courier pero ok naman yung packaging nya
grabe wala talagang lalagyan? or karton lang? plastic talaga yung nilagyan. 👎👎👎👎👎👎👎👎
Alam nyo kasalanan nyo at hindi nyo ma-admit yun! Senyo na 111 pesos nyo baka malugi pa kayo!
Nasira yung 1 piece ng jenga so sayang lg di kami makakalaro
Did not ship all items ordered. DO NOT BUY FROM THIS SELLER!!!. Not accomodating and helpful
Did not ship all items ordered. DO NOT BUY FROM THIS SELLER!!!. Not accomodating and helpful
kulang yung pinadala 🙄
bullshit ung nag deliver. 400 ung sobrang siningil niya!
"Wrong item! Ang tagal ng delivery. Ng request kmi ng cancellation, hindi nila inaccept tapos ng send p ng wrong item jusko po! Mg ingat kayo dito. "
I pay exact amount you give me only 1..lacking 1 items
Waited for too long only to receive wrong product variation
I order a Jenga and they send me this item different from picture
Not worth the wait! seller is unresponsive. I ordered 4pcs Jenga Wooden Blocks but instead they sent me the one with numbers!
Antagal and di accommodate si Seller 
Wrong item received. Wala man lng reply c seller sa inquiry sila na nga ang mali! 
Some blocks have damages. Not because of the courier kasi talagang may damage ung binigay. Would be better din sana if may box siya kaso wala. Not satisfied. 
"They gave the wrong jenga blocks. I have ""Blocks"" instead of the real Jenga. "
mali yung item na binigay
dalawa inorder ko isa lang na recieve ko🤬🤬🤬
"Sorry for unrelated pic and vid, but my puppy tore the toys to shreds after a few days. Definitely don't recommend these."
"Super RUDE ng seller! At manloloko! Kung alm mo plang may item kng di available sna sabihin mo agad sa costumer, at wg mo agad Iprepared pra pwede icancel order Or sana ikaw na mismo ng cancel ng order tpos di mo nman irerefund. Ikaw pa matapang. Nag suggest na ko,nag ok ka tpos wla naman.🤬🤬🤬🤬🤬"
Peke jusme.! 1 araw lang sa exo bully ko🥺 wasak na. Matibay pa ata relasyon namin ng nobya ko
Very disappointed 😞 Sana nag check Muna kay sa item bago dinelever..Hindi nman tumutunog yong fleece chicken..Taz sobrang liit Pala Ng mga item .seller!!! Check before u delivered 😞😞
Kulang pinadala
"Mali at kulang ang na deliver ni seller tsinelas na toy ng puppy ko yung order ko pero iba dumating , at kulang din na deliver wlang yung shoes ng puppy ko hmf...!"
di marunong mg refund sa kulang n product....
Dumating na walang takip yung kid arinola na binili ko. Ang sabi ay mag order ulit ng any items para ipadala na lang ang kulang na takip. Walang pakialam ang seller kung mapamahal ako sa delivery fee. See picture attached conversation with the seller. Nakakadala. Disappointed buyer here.
I thought the gift was a pop it but It wasnt I just revieved a jelly thingy
Teddy bear order ko pero heart ang dumating.. Very dessapointed... 😤😤🤨 I will not order again..
Did not meet my expectations of the product.
Bat eto dumating. Di eto inorder ko. Sira pa plastic!!!!
Ayan inorder namin vs sa nakuha namin bakit naman ganon tatlong pirasong laruan na panget 117 pesos? Sana mabalik bayad🙂
wring item delivered! halatang manloloko! yung item naka pentel na black. yung nakasulat yun yung order namin pero yung dumating parang basura hindi uung item namin
Ibang iba ung itsura nung pinost nilang picture ng pop it sa dumating saming pop it.nadisappoint tlga mga anak ko kse ang baboy dw nung kulay ng pop it nila hndi nila na gustuhan ung itsura ng kulay bakit dw ganun ang ganda dw sa picture bakit ung dumating dw sa knila ang pangit ng kulay??
worst shop!!!!! the item is damaged. i paid it 106 but they're just offering 50 pesos for the refund... i'm so dissapointed i just accept the item for less hassle but i will never buy again in this shop!!!!!
Parang abnuy yung seller sabi ko cancel sabi nya okeda ta hindi man kinancel see the ss😒
Bwisit wag kayong umorder dito sa shop nato
hindi maganda ung quality dahil my butas nung diniliver sya . nakaka dismaya 🙄
Mura nga kaso kulang kulang naman item! Mali mali pa sa description! 
Bakit ganun square ung order ko iba dineliver...😓😓 Nakakadismaya nman...
Nagustuhan naman ng kapatid ko kaso may sira sa likod. Bukas dapat sya dadating pabago bago po yung date ngayon ko natanggap. Yung nagdeliver naman nagkalituhan sa address ending layo nilakad ko pero sabi ni kuya tandaan nya daw ulit.
kulang na kulang yng items na order ko dapat 2 items at free gift nka lagay.kaso nkarating sa akin 1 item lng at free gift kulang na kulang.kaya ang rate ko 1 star lng
"Make sure na yung gift nyo na ipapadala is Usefull sa bahay. Sayang pera, USELESS nman!"
Did not receive the item ordered my daughter is very sad only received this very disapointed
Hindi tamang item ang dumating ang kayo SA order wala lng akong time magreturn... hexagon ang order KO dumating data heheheh
bibigyan ko po 1 star kasi po hindi po pop ot yung nag dating isang mochi lang po
ANO TO?! HINDI GANITO YUNG ORDER KO!!!
not recommended seller !!!!
BAKIT GANITO YUNG NARECEIVE NAMIN?!!!!! DON'T ORDER FROM THIS SHOP!!!!!
Scammer. Isda yung dumating. 
sobrang tagal mali pa ung color na binigay dissapointed 😔
Baduy 
Don't buy the car fidget toy! Its a reject product! I'm asking the seller what we can do on that item but their just ignoring my msgs even if their online! Poor after sales service! Not recommended seller
May damage saakin may sira 😡😡 maty butas.. ngayon kulang napansin anoto bumili ako para itapon ?😡😡😡😡😡sana mapalitan ang aitem ayosin nyo namn
Hindi siya mapindot. sayang lang yung pera nakaka dissapoint. I will not recommend this shop!!!!
I paid for a higher price as I ordered a starry sky worth P49 but then the seller sent a plain one worth P39 and the seller dont want to compromise. Seller wanted me to send back the item but all will be shouldered by me instead of them as it was their fault. Don't buy here not worth your money guys
Very disappointed!! Kawawa anak ko sa dineliver nyo!!! Kung alam nyong sira sana nag message kayo para palitan nlng yung item hindi yung mgbabayad ako ng tama tas idedeliver nyo sira. Sa dami ng inorderan ko sa inyo lng tlga may sira!!! WAG KAYONG OORDER DITO SA SHOP NA TOH!!! ZERO RATING KO SA INYO
"pop it, supposed to pop but not.. low quality ampanget. inorder namin Starry ksy sa picture mas malaki dumating maliit lang din. we dont recommend this. sayang lang. will not order again"
APAT INORDER KO DALAWA LANG PINADALA WILL ORDER AGAIN 😡
"ang inorder ko ay Simple dimple na 3 in 1 eh bakit ang dumating sakin eh 2 in 1 lang na Simple dimple bakit ganun!! at ang pangit pa ng quality parang 3 days lang sira na agad, I will not order again!!"
Nakakainis kala namin maganda tapos ganito 💢😡😡😡😡😡😡
"Iba dumating sakin sa onorder ko,why naman ganun seller,nag expect mga anak ko,pero wala akong choice kundi accept to,salamat nalang kay rider,godbless sayo seller"
Ang panger sobrang lambot!
"2 buttons lng pla kala q 3 buttons, wrong item pinadala, 3 in 1 order q tapos 2 in 1 dumating"
Very low quality tulad nang nakita nio sa photo may sira......................................... 😡😡😡😡😡😡😡😡😡😡😡😡😡😡😡😡😡😡😡😡😡😡😡😡😡😡😡😡😡😡😡😡😡😡😡😡😡🤬🤬🤬🤬🤬🤬🤬🤬🤬🤬
Poor quality. Unresponsive seller.
Dissappointed on how the seller distribute random colors. I ordered two items and expecting it will in 2 different colors but sent me with the same color. Easy way on how the seller can dispose unwanted item colors or i dontl know if the seller is color blinded.
Kakainis dito.. nagsabi ako na kulang ung pinadala sa akin na pop it.. tpos nagpasalamat pa!! D ok dito wag kayo bumili dito kasi bago ako mag rate ilang beses na ako nag message sa kanila wala man lang response na matino... Aayusin ko ratings neto pag naisoli sa akin ung 2 na kulang na pop it!
Sira .. sira talag nagmessage ako wala manlang reply
Missing 2 items. Tried reaching out to the seller but no response
Kala q poh set na yon lahat hindi pala
nasira agad butas ung sa bandang takip
"di nagreresponse si seller, tapos yung pop it may punit pa will not order again"
Item is defective
PLEASE PLEASE DO NOT ORDER IN THIS SHOP TOTOO ANG NEGATIVE NA MGA COMMENTS INCOMPLETE ITEM/SIRA PRODUCT (DAHIL SUPER NIPIS SIGURO NABUBUTAS AGAD)/MALI ANG VARIATION NA SINESEND. BASURA NA SHOP TO DAMI NG COMPLAINTS YET DI NAGIIMPROVE. BASUUUUUUURAAAAAAAAAAAAAAAAA
Matigas
Damaged items and wrong order arrived. I reached out to the seller many times to get their full address for the return since they only provided street address with no number. It would be impossible for courier to look for them. They never replied considering their rating for response is high.
The color is not the same as the one posted in the product’s listing. Contacted the seller and they NEVER REPLIED TO MY QUERIES. The other items i purchased were defective and broken. 1). You cannot put the batteries as the spring that holds the batteries is not there. 2). The bubble wrap wasnt thic
My order is 1 unicorn and 1 dinosaur pop it but i received 2 unicorn... So disappointed coz my daughter expecting the dinosaur one
Walang dumating na product
Basura
sira naman ung isa. na click ko agad order received
Mabilis masira ung soft ball eme eme then may maliit na butas ung pop it
It's not even packaged properly!! Don't ever think to chat with seller. They are not responding to you. Item has lot of damage. Box was crumbled so bad. Packaging was so careless. Don't think to buy from here. Return will gonna hustle you. Can I give 0 star?
Yung electric fan hindi nagana... Hindi malagyan ng battery sayang ang pera!!😤🤬🤬🤬 Panu gagana walang spring na pang battery anu ba yan..
Lacking item when delivered
Ang bilis masira wala panf 1hr nabagsak lang sira na
First order was an absolute fail dahil mali pareho ng binigay sa akin. Pagkaorder ko ng bago sumabog naman yung stress ball. Seller does not respond at all
Mga manololoko kayo! Salbahe kayo! Ang mahal mahal ng bayad ko 280!!!! Ang received ko wala pang halaga sa 20! Wag kayong oorder dto
Wrong colori
Nakakagigil yung nag babayad ka ng maayos sa order mo pero pagdating ng irder mo may damage at angbilis masira tapos yung seller di nakikipag usap nakakaloka kung pwede lang mag rate ng 0 yun na rate ko eh kaso bawal sa susunod sana ayusin mo nagbabayad ako ng maayos tas dedeliver mo dito may sira😠
"Very disappointed! Huwag naman sana kayo magpa ship pag may damage yung item. Yes, price is cheap but quality matters. At mas mahal shipping fee ko dito kesa sa price ng item. Will not order again sa shop na ito."
I ordered and chat the seller in different shapes i also gave the shapes name.but send me all 10pcs all HEARTS shapes.i am so disappointed
"I'm so upset,I ordered 3 tpos 1 lng dumating,sinabihan ko si seller,but sabi nya mgrequest ng refund or return,paano naclick ko na ang received.Dapat you need to recheck the items before packing it,pls. Be responsible enough,pare pareho rin naman tayong lahat ah,Sana be honest naman."
ITEM DIFFERENT FROM PICTURE! WILL NOT ORDER AGAIN !
Not worth it. May damage naman pati mix yung colors.Not satisfied://
One Star Kase walang freebies 😡 Pero maganda naman sya 😊
Bakit naman po pareparehas pinadala ninyo . Kaya nga po 3 na inorder ko . Para ibaiba .. nakaka disappoint naman ..
Sakto ang bayad kulang ang item na pinadala! D nagrereply ang seller sa mga messages ko! God Bless po sa seller ng shop na to!
I ordered Unicorn pero green na heart ang dumating..ang papangit!!!!! dissappointing!!!
They just gave me a regular color not rainbow color
Kulang ng isa item
Incomplete items received. Mali din ung pinadala. Di man lng nagsabi n papalitan nila ung items. Very unprofessional.
Mali yong order q ngchat pa aq anim pa nman inorder q
May butas yung 2 pop it
"Car ang design na pinili ko pero iba ang dumating, pati yung baril barilan kulay dilaw dumating eh red ang pinili ko, tinamad na ako picturan nkakawalang gana..lukot lukot pa ang lagayan ng baril barilan panregalo ko pa nmn..haisst!!"
Mali yung design di man lang marunong mag advice. Nonsense yung pag papa pili ng design di naman nasusunod. K tnx bye
"Ang dali masira, yung isa sobrang lambot 🥺"
"Kung May zero rate lang sana lagay ko sayo! Yung sasagot ka sa buyer mo na Hnd lang ako ang costumer mo na inaasikaso! Sana marunong ka din makinig ng concern sa buyers mo! Nagbenta ka dba, asikasuhin mo ! Sa hirap ng buhay ngayon di namin pinupulot pambayad sa inyo!"
"mali naman napadala ni seller na pop it. imbes na Among Us, Lollipop macaron yung dumating. ayaw tuloy tanggapin ng kapatid kong lalaki kasi pambabae daw yun."
Ang pangit!
Nakakainis lang kasi nagchat ka na nga sa seller na Sana yung ganung kulay iba padin pinadala tapos di manlang magreply yupi yupi pa mga gilid Ng item
disappointed 🙁. . the items delivered were obviously old stocks. . and the facemask should be blue not black. .
Kulang yung item . Disappointed !
Paid for the whole price but did not receive everything. Poor service.
SCAM.. Ang liliit pala ng item...kala namin tama ung nasa picture 🙄🙄
dont buy from this store they sent me wrong items and doesnt respond to inquiries
Never na akong oorder sa shop nato.Nagpapadala ang seller ng deffective item.sayang lang yung binayad namen sa scooter. Dapat chineck nyo muna bago kayo magpadala..
Malas ko naman sira ang item na deliver.. Gustong gusto panaman ng anak ko.. Nka dismaya
"I ordered pink for my daughter. Blue ang dumating. Sabi ni seller na overlooked daw. Dalawa lang naman ang choices blue and pink, I dont understand bakit maooverlook. Di rin umiilaw yung 2 harap na gulong. Seller accepted the return request pero sobrang hassle naman mag return sa J&T."
Maluwag ung hundle pag hinawakan ng bata madidisgrasya .. May sira ung lockan nya ayaw mag lock pag tinaas.. Ayaw pa mag reply ni seller ..
YUNG ITEMS NA SCOOTER DI UMIILAW FAKE YUNG NASA PICTURR NAKAKADISMAYA!!!
Di maayos yung pagkaka pack nayupi yung white board dapat separate yung pagkakabalot ng bubble wrap sa pagitan ng mga orders..
"Sobrang tagal iship ng seller sa courier. Chat ako nang chat for updates, walang kwenta sinasagot ng seller puro ""we'll send pic before shipping"". Lagpas 1 week bago ko nareceive. Bulacan lang ang seller and ako is Rizal lang jusko. Will NEVER ORDER again in this shop. Kung pwede lang 0 star."
buy at your own risk. cracked yung ilalim for sure saglit lng magagamit or worse di sya magagamit kse di rin sya naglolock bumabagsak yung hawakan kse di kumakagat yung lock.
HINDI NALILIKO ❗ WAG NA KAYO BUMILI LALO NA KUNG PANG GIFT 😑 NEED PA BUHATIN NG BATA PARA ILIKO. FIRST TIME KO MADISAPPOINT SA ORDER KO FROM SHOPEE. GAGANDA PA NAMAN SANA NG REVIEWS NYO DITO KASO MUKHANG DI NILA ALAM NA HINDI NALILIKO 😂 BE HONEST SA ITEM NYO. SANA MINENTION NYO SA DESCRIPTION.
badtrip crck ang gulong di man lang hassle kung ibabalik pa . sayang lang pera walang kwenta store na to wag na kayo mgorder . di man lang nilagay sa box wala man lang bubble wrappppppppppppppppppppppp
"Super disappointed. No lights sa wheel. Nag send ako ng video to prove na hindi umiilaw. The seller keep insisting na umiilaw pa rin kahit wala. Return & refund pa ang gusto na, hassle pa sa part ko na need to return the item which is shoulder mo pa ang sf muna. Next double check the item!😡😠"
Hindi sila nag reply saken Kulang k binibigay nila nakaka stress ksi iggift ko to sa pamangkin ko ngayon na mmroblema ako pano niya gagamitin to kong walang binigay na lock. Nung una ok nman sila kausap ngayun my prob wla nnkaka stress edit ko nalang sguro to kapag nag response na sila sa message ko
"Disappointed sa seller response... As u can see may defect sya nung ndeliver, sending parcel without informing the buyer ng istura ng product is a no no... D ko nagustuhan ang response na wlang sira nung ndeliver, how will i know if d nman nagsend ng picture bago esend... Wont buy again promise."
Pang second tym qng order One star k muna dhil kulang Ng parts paanu magagamit Ng maganda to hndi man lng marunong magreply 
Ano ba yan d p nagagamit may crack na sayang lng sna po nka karton sya pra hndi nasisira sayang lng tpos tumabi na un sa likod sa may gulong sna mapansin mo seller kc nagpm na aq sau
"Not a good quality scooter, mukhang madaling masira. Hindi din umiilaw mga gulong, liko din yung handle. Not worth it for its price"
Kulang ang turnilyo. How am I supposed to lock this??
super disappointed! mali n nga ung item sira pa...kawawa naman ang bunso ko hnd nya magamit iyong nabili namin sa store na ito
Kulang yong order ng isang item. Ma refund ba?
Sira hindi umiilaw ang wheels 😔 sayang lang pera kung alam ko lang. Hahayss Godbless po
"Nkaka walang gana ang shop na to, pink ang order ko ben10 ang dumating, nag send ng picture c seller color pink kaso ben10 ang dumating😠😠😠😠😠"
The handle is damaged
Bastos ung nag deliver at ung May ari alangan nmn na yan lng aantayin ko sa maghapon nasakto po na tumawag ung mag deliver na papunta ko school d makaintindi 
panget siya hindi siya naliliko
Nakakadismaya
Sira ung handle nung isang scooter 😐😑😑😑
No ba to di gumagana ang delete.sayang lang pera ko😏 Hayyyss..nkaka disappoint
Yung dalawang inorder ko na black defective. Please pakorefund ung pera ko. Sana check nyo muna bago nyo iship.
Damage item. Di talaga maasahan Ang courier na pinadalhan nyo. Nakakadismaya talaga. Sana sa sunod shoppe please wag na wag nyo ipadala order ko dito sa kanila. So far ngayon lng ako nkareceive ng damage item. Dito pa sa kanila may bad record na. 
Sira di nagana nasusulatan sya pero di nabubura.. sayang pera😡
Panget yung pagkakadeliver saka panget den po yung product low quality sira yung product dna nabubura yung nakasulat....sana next time maayos yung ibigay sayang lang yung binayad
"Hindi naman talaga sya nabubura, kita mo parin yung dating sulat"
Waste of money. The item is really not working even we already replaced a new battery. Don't buy from this seller.
Sobrang disappointed ako dito. Hindi manlang magagamit. Kung pwede lang 0 stars e.
Omg the pen is broken
Item was not functioning . Already messaged the seller but no response.
Nakakainis nag request ako Ng refund kina cancel nila next Time wag po kayo mag papa order Ng kulang sa gamit 🙄😤 sayang lang 200+ ko
Di nagana yung erase button umay hahaha
Nakakadissapoint.kayo..di marunong mag double check ng item..
Huwag kayung omorder sa shop na tu ! Useless lang pera nyo!! Damage !! Not functioning!!😡😡😠😠😠😠😡😡😡😡😠😠😠😡😡😡😡😡
Daming scratch yung screen....
Merong damage
hindi nag dedelete yung mga sinusulat
Sira pagdating!!!!!! 0 STAR!!
DO NOT BUY THIS ITEM. Item did not last for a day. This is a honest review. Seller will just tell you to fix it yourself. Ibili nyo na lang ng bigas ang pera nyo para sa anak nyo. If Shopee removes this shame on you.
"npkapalpak ng seller. puro sira! yong isa d mdelete. at ung isa my kusang lumalabas n guhit habang sumusulat ka, sa buong gitnang part! tapos ang gusto ireturn ko pa pra dw irefund ako. lokohan b un? halos ktumbas ng shipping fee dito ung price ng dalwang item. sayang lang pera! woa!!"
Defective
"Why the seller not disclosed the real status of the item... like the battery is not working anymore... how do we use this item if not inform in the first place... wla nmn problema if na inform kami agad na... ""sir medyo need nio n palitan ung battery kc medyo stack item n siya""... simple as that..."
"Wla png 1 hr na nagamit ng anak ko dina nabubura. Sayang ipon nya. Iba ung item sa pic at iba din ung laman, Ung sa pic walang brand name sa harap at iba position ng screen lock.. Ung binigay may pangalan tapos iba lalagyan ng battery.. Pls refund!"
I want to rate this with no star at all if I could! I'M WARNING THOSE PEOPLE WHO ARE INTERESTED TO BUY THIS ITEM NA HUWAG KAYONG BUMILI SA SHOP NATO BECAUSE THEY WILL SEND YOU DEFECTIVE ITEM! AND THEY WILL NEVER REFUND! Sayang sa pera! 
Inis aq s seller n 2 d mn lng chineck lahat kng gumagana 3 inorder q 2 lng gumagana sira ung isa hayyys sayang pera ayw p mg refund tapos dp makaintindi ng tagalog smantala metro manila ung seller kng d ka nakakaintindi ng tgalog mg patulong k s mga katulong m intsik k cgro nakakainit ng ulo.
"wag na kayo makipagsapalaran sa seller na to. di sya magrereply once na receive nyo na ang product. 1st order q lowbat after an hour n ginamit. kaya 2nd order nagrequest na sana bago ang batt na ilagay, the worst is pagdating, di nagana. di sure kung lowbatt lang o tlgang deffctive"
Erase button not working. Seller not responsive kung anong pwedeng troubleshooting no response and support. Requested replacement dinispute lang ang request. Not worth Para ma hassle over this amount si letgo ko na. Be careful ordering from this shop. Very dissapointing. 
Defective item I will return po kahit I on KO ayaw gumana ng erase
"Waste of money. Our son used it for just 30 minutes then it stop working, can't delete what he wrote. I thought that maybe the battery is just worn out, so I bought new batteries. But alas, still not working. The rating is not true. People rate this with 5 stars even if theirs are broken. SMH"
Erase button is not working 😔 I try to change the battery but still nmthe erase button is not working 😞
Disappointe nmn shoppee ang dami ko ng order sa shoppee ngaun lang ako nkatangap na hindi nkakatuwa dapat pag nag padala kayo check nyo muna kong gumana ba or Hindi hindi nmin pinupulot yong pera para pambli ng gamit na sira binigay panaman sa akin sumulat sya ayaw nmn mag bura ano to.😞😞😞
No free battery as mentioned. Already replaced the battery but its not working as it should be.can barely see the writings.very disappointing.
Bakit ayaw naman po gumana ng delete button nitong inorder ko .. Kaka recieve ko lang ngayon tas nakakadismaya naman ayaw gumana ng erase nya .. Paano na toh .. Maibabalik paba .. 
Bat namn ganun nag bayad ako ng tama pero ung diniliver sa akin hind ayos hndi sya na didelete kakaawa nman ung bata hndi nia mgamit ung binili ko para sa knia
Please replace it ! Mismong monitor ung sira napalitan ko na ng battery ganon pa din . Magreply ka din naman po nagchachat po ako sau ! Sayang din ung bayad ko replacement please !! 😡
Sira Ang dumating sakin n Item na kaka dizmaya nman. D n na delate Ang sulat.. sayang Ang binayad ko. D n ako mag order n kaka inis lng.. 😞😞😞😞 d nmn ganun dati n inorder ok nmn walng sira ngaun bakit nag ganito..
"Akala ko maganda,, My sulat na po ung item pag dating at hndi gumagana yong bampura,, alam nia sira na ung item, yon pa ung pina ship. Sabi ko palitan hndi nia ko nireplayan.. Ayaw ko sana mg comment kaso lang baka magawa mo ulit ito sa ibang customers kawawa naman.."
Not working and you need to shoulder the shipping back to the seller. The shipping cost would be more expensive than the item itself. Hope next time you test it first. Attached picture. Blue one not working.
"sira, aayaw irefund. irerequest na ibalik paa. hndi gumwaa ng paaraaan na maaayossira, aayaw irefund. irerequest na ibalik paa. hndi gumwaa ng paaraaan na maaayos.sir"
Kahit nong gawin hnd nag e-erase... Sana po e-check nio muna ung items bago nio ipa-deliver..kc sayang po ibinabayad nmin kung magwowork ung binili namin dba?pinaghirapan po yn sa kagustuhan n mabigyan ng maayos n gamit anak nmin... Makunsinsya nmn po mga taong katulad nio
"Hindi sya na dedelete.. okay naman ang battery yung isa okay yung isa hindi.. sayang ng 200 excited pa naman ang mga kids, expect tag isa sila :'("
Don't buy if you don't have a spare battery on hand. Because they are giving the product that the battery don't last even a day. Unpredictable! Selling products without checking. I almost spend 800+ for nothing. May God still bless you.
"May damage yung item, gusto ko ireturn or marefund pera ko kaso kailangan pa ipadala mismo kay seller. Doble gastos din. Hays sayang pera. Sana sa susunod pag nag order mag send ng pict, niloloko nyo yung tao eh."
"Bad experience for this seller, nagrequest ako ng refund sa item na hindi gumagana ang delete button peru dispute ni seller amg request ko, buti nalang naisalba ng shoppee agent at narefund pa rin... Salamat shoppee"
WASTE OF MONEY!!! Erase button is not working.. I even talked to the seller and asked for a refund but my request was disputed..
hindi malinaw. di nagustuhan ng anak ko. di ko alam kung mahina yung battery o ano!
"Defective item. Hindi nasusulatan yung 3/4 nung screen, di lumalabas ung sulat. Sayang po yung pera tapos d pa responsive ung seller."
"This is the worst item. You can't see anything on the tablet unless you press down with a LOT of pressure. And even then, you can't see much. My child kept saying, ""Daddy, it doesn't work!"""
"Sira ung Item di nabubura yung mga sinulat, already messaged the seller but not responsive.. I havent get any response!"
I just received it yesteday d n gumagana ang erase button.I would understand sana if 1 week or 2 weeks na gamit but 1 day
"Defective yung isa. Hindi nabubura completely yung mga sinulat, maganda pa naman sana yung item. Please check the items thoroughly before shipping them."
"Hindi gumagana delete button! Napalitan naman ang battery gaya ng nasa instruction pero wala parin, sayang lang, pero mabilis dumating, wala ngalang kwenta kasi di na mabura nakasulat"
Damaged item!!! I want to return the item but they refused that it is functioning. I tried plenty of times pressing the button but it won't work. Very disappointed buyer!!!
Delete botton not working may mga scratch pa ang screen sana check muna bago ipaship...battery damage din
Wont erase even if i press the trash button :( defeats the purpose of the product. Not reusable
"I am very disappointed about the product , i expect much. But when it came it just a battery's toy need for change everytime it is consume its power..an it is small, for me the amount i paid is not satisfying to the product.as u can see it cant erase but its just arive two days ago.."
Hindi sya nag eerase baka pedeng palitan nalang di rin nagamit at ngayon lang na deliver.
Sira ung item.my kasama ngang batt di nmn gumagana.bumili pa ako ng batt tas di nmn gumagana ung erase...panay msg ko sa seller so far walang response.....sayang lng
The erase button is not working 👎👎👎 and seller will tell you to change the battery (when the product was just delivered) ..... sayang ang money 😢
